Stock NSE Code,Unnamed: 1
20MICRONS,20 Microns Limited
3IINFOTECH,3i Infotech Limited
3MINDIA,3M India Limited
A2ZMES,A2Z Maintenance & Engineering Services Limited
AANJANEYA,Aanjaneya Lifecare Limited
AARTIDRUGS,Aarti Drugs Limited
AARTIIND,Aarti Industries Limited
AARVEEDEN,Aarvee Denims & Exports Limited
ABAN,Aban Offshore Limited
ABB,ABB Limited
ABBOTINDIA,Abbott India Limited
ABCIL,Aditya Birla Chemicals (India) Limited
ABGSHIP,ABG Shipyard Limited
ABHISHEK,Abhishek Corporation Limited
ABIRLANUVO,Aditya Birla Nuvo Limited
ACC,ACC Limited
ACE,Action Construction Equipment Limited
ACROPETAL,Acropetal Technologies Limited
ADANIENT,Adani Enterprises Limited
ADANIPOWER,Adani Power Limited
ADFFOODS,ADF Foods Limited
ADHUNIK,Adhunik Metaliks Limited
ADORWELD,Ador Welding Limited
ADSL,Allied Digital Services Limited
ADVANIHOTR,Advani Hotels & Resorts (India) Limited
ADVANTA,Advanta India Limited
AEGISCHEM,Aegis Logistics Limited
AFL,Accel Frontline Limited
AFTEK,Aftek Limited
AGCNET,AGC Networks Limited
AGRE,Agre Developers Limited
AGRODUTCH,Agro Dutch Industries Limited
AHLEAST,Asian Hotels (East) Limited
AHLUCONT,Ahluwalia Contracts (India) Limited
AHLWEST,Asian Hotels (West) Limited
AHMEDFORGE,Ahmednagar Forgings Limited
AIAENG,AIA Engineering Limited
AICHAMP,AI Champdany Industries Limited
AJANTPHARM,Ajanta Pharma Limited
AJMERA,Ajmera Realty & Infra India Limited
AKSHOPTFBR,Aksh Optifibre Limited
AKZOINDIA,Akzo Nobel India Limited
ALCHEM,Alchemist Limited
ALEMBICLTD,Alembic Limited
ALFALAVAL,Alfa Laval (India) Limited
ALKALI,Alkali Metals Limited
ALKYLAMINE,Alkyl Amines Chemicals Limited
ALLCARGO,Allcargo Logistics Limited
ALLSEC,Allsec Technologies Limited
ALMONDZ,Almondz Global Securities Limited
ALOKTEXT,Alok Industries Limited
ALPA,Alpa Laboratories Limited
ALPHAGEO,Alphageo (India) Limited
AMAR,Amar Remedies Limited
AMARAJABAT,Amara Raja Batteries Limited
AMARJOTHI,Amarjothi Spinning Mills Limited
AMBIKCO,Ambika Cotton Mills Limited
AMBUJACEM,Ambuja Cements Limited
AMDIND,AMD Industries Limited
AMLSTEEL,AML Steel Limited
AMRUTANJAN,Amrutanjan Health Care Limited
AMTEKAUTO,Amtek Auto Limited
AMTEKINDIA,Amtek India Limited
ANANTRAJ,Anant Raj Industries Limited
ANDHRSUGAR,The Andhra Sugars Limited
ANGIND,ANG Industries Limited
ANIKINDS,Anik Industries Limited
ANSALAPI,Ansal Properties & Infrastructure Limited
ANSALHSG,Ansal Housing and Construction Limited
APARINDS,Apar Industries Limited
APCOTEXIND,Apcotex Industries Limited
APIL,Alstom Projects India Limited
APLAB,Aplab Limited
APLLTD,Alembic Pharmaceuticals Limited
APOLLOHOSP,Apollo Hospitals Enterprise Limited
APOLLOTYRE,Apollo Tyres Limited
APPAPER,The Andhra Pradesh Paper Mills Limited
APTECHT,Aptech Limited
AQUA,Aqua Logistics Limited
ARCHIES,Archies Limited
AREVAT&D,Areva T&D India Limited
ARIES,Aries Agro Limited
ARIHANT,Arihant Foundations & Housing Limited
ARL,Arvind Remedies Limited
AROGRANITE,Aro Granite Industries Limited
ARROWTEX,Arrow Textiles Limited
ARSHIYA,Arshiya International Limited
ARSSINFRA,ARSS Infrastructure Projects Limited
ARVIND,Arvind Limited
ASAHIINDIA,Asahi India Glass Limited
ASAHISONG,Asahi Songwon Colors Limited
ASAL,Automotive Stampings and Assemblies Limited
ASHAPURMIN,Ashapura Minechem Limited
ASHCONIUL,Ashco Niulab Industries Limited
ASHIANA,Ashiana Housing Limited
ASHIMASYN,Ashima Limited
ASHOKA,Ashoka Buildcon Limited
ASHOKLEY,Ashok Leyland Limited
ASIANHOTNR,Asian Hotels (North) Limited
ASIANPAINT,Asian Paints Limited
ASIANTILES,Asian Granito India Limited
ASIL,Amit Spinning Industries Limited
ASSAMCO,Assam Company India Limited
ASTEC,Astec LifeSciences Limited
ASTERSILI,Aster Silicates Limited
ASTRAL,Astral Poly Technik Limited
ASTRAMICRO,Astra Microwave Products Limited
ASTRAZEN,AstraZeneca Pharma India Limited
ATFL,Agro Tech Foods Limited
ATLANTA,Atlanta Limited
ATLASCYCLE,Atlas Cycles (Haryana) Limited
ATNINTER,ATN International Limited
ATUL,Atul Limited
AURIONPRO,Aurionpro Solutions Limited
AUROPHARMA,Aurobindo Pharma Limited
AUSOMENT,Ausom Enterprise Limited
AUTOAXLES,Automotive Axles Limited
AUTOIND,Autoline Industries Limited
AUTOLITIND,Autolite (India) Limited
AVANTI,Avanti Feeds Limited
AVENTIS,Aventis Pharma Limited
AVTNPL,AVT Natural Products Limited
AXIS-IT&T,Axis-IT&T Limited
AXISBANK,Axis Bank Limited
BAGFILMS,B.A.G Films and Media Limited
BAJAJ-AUTO,Bajaj Auto Limited
BAJAJCORP,Bajaj Corp Limited
BAJAJELEC,Bajaj Electricals Limited
BAJAJFINSV,Bajaj Finserv Limited
BAJAJHIND,Bajaj Hindusthan Limited
BAJAJHLDNG,Bajaj Holdings & Investment Limited
BAJFINANCE,Bajaj Finance Limited
BALAJITELE,Balaji Telefilms Limited
BALAMINES,Balaji Amines Limited
BALKRISIND,Balkrishna Industries Limited
BALLARPUR,Ballarpur Industries Limited
BALMLAWRIE,Balmer Lawrie & Company Limited
BALPHARMA,Bal Pharma Limited
BALRAMCHIN,Balrampur Chini Mills Limited
BANARISUG,Bannari Amman Sugars Limited
BANCOINDIA,Banco Products (I) Limited
BANG,Bang Overseas Limited
BANSWRAS,Banswara Syntex Limited
BARTRONICS,Bartronics India Limited
BASF,BASF India Limited
BASML,Bannari Amman Spinning Mills Limited
BATAINDIA,Bata India Limited
BATLIBOI,Batliboi Limited
BAYERCROP,Bayer Cropscience Limited
BBL,Bharat Bijlee Limited
BBTC,Bombay Burmah Trading Corporation Limited
BEARDSELL,Beardsell Limited
BEARDSELL,Beardsell Limited
BEDMUTHA,Bedmutha Industries Limited
BEL,Bharat Electronics Limited
BELLCERATL,Bell Ceramics Limited
BEML,BEML Limited
BEPL,Bhansali Engineering Polymers Limited
BERGEPAINT,Berger Paints (I) Limited
BFINVEST,BF Investment Limited
BFUTILITIE,BF Utilities Limited
BGLOBAL,Bharatiya Global Infomedia Limited
BGRENERGY,BGR Energy Systems Limited
BHAGWATIHO,Bhagwati Banquets and Hotels Limited
BHAGYNAGAR,Bhagyanagar India Limited
BHARATFORG,Bharat Forge Limited
BHARATGEAR,Bharat Gears Limited
BHARATRAS,Bharat Rasayan Limited
BHARTIARTL,Bharti Airtel Limited
BHARTISHIP,Bharati Shipyard Limited
BHEL,Bharat Heavy Electricals Limited
BHUSANSTL,Bhushan Steel Limited
BIL,Bhartiya International Limited
BILPOWER,Bilpower Limited
BIMETAL,Bimetal Bearings Limited
BINANIIND,Binani Industries Limited
BINDALAGRO,Oswal Chemicals & Fertilizers Limited
BIOCON,Biocon Limited
BIRLACORPN,Birla Corporation Limited
BIRLACOT,Birla Cotsyn (India) Limited
BIRLACOT,Birla Cotsyn (India) Limited
BIRLAERIC,Birla Ericsson Optical Limited
BIRLAPOWER,Birla Power Solutions Limited
BLISSGVS,Bliss GVS Pharma Limited
BLKASHYAP,B. L. Kashyap and Sons Limited
BLUECHIP,Blue Chip India Limited
BLUECOAST,Blue Coast Hotels and Resorts Limited
BLUECOAST,Blue Coast Hotels and Resorts Limited
BLUEDART,Blue Dart Express Limited
BLUESTARCO,Blue Star Limited
BLUESTINFO,Blue Star Infotech Limited
BOC,BOC India Limited
BODALCHEM,Bodal Chemicals Limited
BOMDYEING,Bombay Dyeing & Mfg Company Limited
BOSCHLTD,Bosch Limited
BPCL,Bharat Petroleum Corporation Limited
BPL,BPL Limited
BRANDHOUSE,Brandhouse Retails Limited
BRFL,Bombay Rayon Fashions Limited
BRIGADE,Brigade Enterprises Limited
BRITANNIA,Britannia Industries Limited
BROADCAST,Broadcast Initiatives Limited
BROOKS,Brooks Laboratories Limited
BSELINFRA,BSEL Infrastructure Realty Limited
BSL,BSL Limited
BSTRANSCOM,BS TransComm Limited
BVCL,Barak Valley Cements Limited
CADILAHC,Cadila Healthcare Limited
CAIRN,Cairn India Limited
CALSOFT,California Software Company Limited
CAMBRIDGE,Cambridge Solutions Limited
CAMLIN,Camlin Limited
CANDC,C & C Constructions Limited
CANFINHOME,Can Fin Homes Limited
CANTABIL,Cantabil Retail India Limited
CARBORUNIV,Carborundum Universal Limited
CAREERP,Career Point Limited
CAROLINFO,Carol Info Services Limited
CASTROL,Castrol India Limited
CCCL,Consolidated Construction Consortium Limited
CCL,CCL Products (India) Limited
CEATLTD,CEAT Limited
CEBBCO,Commercial Engineers & Body Builders Co Limited
CELEBRITY,Celebrity Fashions Limited
CELESTIAL,Celestial Biolabs Limited
CENTENKA,Century Enka Limited
CENTEXT,Century Extrusions Limited
CENTUM,Centum Electronics Limited
CENTURYPLY,Century Plyboards (India) Limited
CENTURYTEX,Century Textiles & Industries Limited
CERA,Cera Sanitaryware Limited
CESC,CESC Limited
CHAMBLFERT,Chambal Fertilizers & Chemicals Limited
CHEMFALKAL,Chemfab Alkalis Limited
CHEMFALKAL,Chemfab Alkalis Limited
CHEMPLAST,Chemplast Sanmar Limited
CHENNPETRO,Chennai Petroleum Corporation Limited
CHESLINTEX,Cheslind Textiles Limited
CHETTINAD,Chettinad Cement Corporation Limited
CHOLAFIN,Cholamandalam Investment and Finance Company Limited
CILNOVA,CIL Nova Petrochemicals Limited
CIMMCO,Cimmco Birla Limited
CINEMAX,Cinemax India Limited
CINEVISTA,Cinevistaas Limited
CIPLA,Cipla Limited
CLASSIC,Classic Diamonds (India) Limited
CLNINDIA,Clariant Chemicals (India) Limited
CLUTCHAUTO,Clutch Auto Limited
CMAHENDRA,C. Mahendra Exports Limited
CMC,CMC Limited
COALINDIA,Coal India Limited
COLPAL,Colgate Palmolive (India) Limited
COMPUAGE,Compuage Infocom Limted
CONCOR,Container Corporation of India Limited
CONSOFINVT,Consolidated Finvest & Holdings Limited
CONSOFINVT,Consolidated Finvest & Holdings Limited
CORAL-HUB,Coral Hub Limited
CORDSCABLE,Cords Cable Industries Limited
COREEDUTEC,CORE Education & Technologies Limited
COROENGG,Coromandel Engineering Company Limited
COROMANDEL,Coromandel International Limited
COSMOFILMS,Cosmo Films Limited
COX&KINGS,Cox & Kings Limited
CREATIVEYE,Creative Eye Limited
CRESTANI,Crest Animation Studios Limited
CREWBOS,Crew B.O.S. Products Limited
CRISIL,CRISIL Limited
CROMPGREAV,Crompton Greaves Limited
CRONIMET,Cronimet Alloys India Limited
CTE,Cambridge Technology Enterprises Limited
CUB,City Union Bank Limited
CUBEXTUB,Cubex Tubings Limited
CUMMINSIND,Cummins India Limited
CURATECH,Cura Technologies Limited
CYBERMEDIA,Cyber Media (India) Limited
CYBERTECH,Cybertech Systems And Software Limited
DAAWAT,LT Foods Limited
DABUR,Dabur India Limited
DALMIABEL,Dalmia Bharat Enterprises Limited
DALMIASUG,Dalmia Bharat Sugar and Industries Limited
DATAMATICS,Datamatics Global Services Limited
DBCORP,D.B.Corp Limited
DBREALTY,D B Realty Limited
DCB,Development Credit Bank Limited
DCHL,Deccan Chronicle Holdings Limited
DCM,DCM Limited
DCMSRMCONS,DCM Shriram Consolidated Limited
DCW,DCW Limited
DECCANCE,Deccan Cements Limited
DECOLIGHT,Decolight Ceramics Limited
DECOLIGHT,Decolight Ceramics Limited
DEEPAKFERT,Deepak Fertilizers and Petrochemicals Corporation Limited
DEEPAKNTR,Deepak Nitrite Limited
DEEPIND,Deep Industries Limited
DELTACORP,Delta Corp Limited
DELTAMAGNT,Delta Magnets Limited
DEN,Den Networks Limited
DENORA,De Nora India Limited
DENSO,Denso India Limited
DEWANHOUS,Dewan Housing Finance Corporation Limited
DHAMPURSUG,The Dhampur Sugar Mills Limited
DHANBANK,Dhanlaxmi Bank Limited
DHANUKA,Dhanuka Agritech Limited
DHARSUGAR,Dharani Sugars & Chemicals Limited
DIAPOWER,Diamond Power Infra Ltd
DICIND,DIC India Limited
DIGJAM,Digjam Limited
DISHMAN,Dishman Pharmaceuticals and Chemicals Limited
DISHTV,Dish TV India Limited
DIVISLAB,Divi s Laboratories Limited
DLF,DLF Limited
DLINKINDIA,D-Link (India) Limited
DOLPHINOFF,Dolphin Offshore Enterprises (India) Limited
DONEAR,Donear Industries Limited
DPSCLTD,DPSC Limited
DPTL,Dhunseri Petrochem & Tea Limited
DQE,DQ Entertainment (International) Limited
DREDGECORP,Dredging Corporation of India Limited
DRREDDY,Dr. Reddy s Laboratories Limited
DSKULKARNI,DS Kulkarni Developers Limited
DWARKESH,Dwarikesh Sugar Industries Limited
DYNAMATECH,Dynamatic Technologies Limited
EASTSILK,Eastern Silk Industries Limited
ECEIND,ECE Industries Limited
ECLERX,eClerx Services Limited
ECLERX,eClerx Services Limited
EDELWEISS,Edelweiss Financial Services Limited
EDL,Empee Distilleries Limited
EDSERV,Edserv Softsystems Limited
EDUCOMP,Educomp Solutions Limited
EICHERMOT,Eicher Motors Limited
EIDPARRY,EID Parry India Limited
EIHAHOTELS,EIH Associated Hotels Limited
EIHOTEL,EIH Limited
EIMCOELECO,Eimco Elecon (India) Limited
EKC,Everest Kanto Cylinder Limited
ELDERPHARM,Elder Pharmaceuticals Limited
ELECON,Elecon Engineering Company Limited
ELECTCAST,Electrosteel Castings Limited
ELFORGE,EL Forge Limited
ELGIEQUIP,Elgi Equipments Limited
ELGIRUBCO,Elgi Rubber Company Limited
ELNET,Elnet Technologies Limited
EMAMIINFRA,Emami Infrastructure Limited
EMAMILTD,Emami Limited
EMCO,Emco Limited
EMKAY,Emkay Global Financial Services Limited
EMMBI,Emmbi Polyarns Limited
EMPEESUG,Empee Sugars and Chemicals Limited
ENERGYDEV,Energy Development Company Limited
ENGINERSIN,Engineers India Limited
ENIL,Entertainment Network (India) Limited
ENKEI,Enkei Castalloy Limited
EONELECT,Eon Electric Limited
ERAINFRA,Era Infra Engineering Limited
EROSMEDIA,Eros International Media Limited
ESABINDIA,Esab India Limited
ESCORTS,Escorts Limited
ESL,Electrosteel Steels Limited
ESSAROIL,Essar Oil Limited
ESSARPORTS,Essar Ports Limited
ESSDEE,Ess Dee Aluminium Limited
ESSELPACK,Essel Propack Limited
ESTER,Ester Industries Limited
EUROMULTI,Euro Multivision Limited
EUROTEXIND,Eurotex Industries and Exports Limited
EVEREADY,Eveready Industries India Limited
EVERESTIND,Everest Industries Limited
EVERONN,Everonn Education Limited
EXCELCROP,Excel Crop Care Limited
EXCELINDUS,Excel Industries Limited
EXCELINFO,Excel Infoways Limited
EXIDEIND,Exide Industries Limited
FACT,Fertilizers and Chemicals Travancore Limited
FAGBEARING,FAG Bearings India Limited
FAME,Fame India Limited
FAME,Fame India Limited
FARMAXIND,Farmax India Limited
FCH,Future Capital Holdings Limited
FCSSOFT,FCS Software Solutions Limited
FDC,FDC Limited
FEDDERLOYD,Fedders Lloyd Corporation Limited
FEDERALBNK,The Federal Bank Limited
FIEMIND,Fiem Industries Limited
FILATEX,Filatex India Limited
FINANTECH,Financial Technologies (India) Limited
FINCABLES,Finolex Cables Limited
FINPIPE,Finolex Industries Limited
FIRSTLEASE,First Leasing Company of India Limited
FIRSTWIN,First Winner Industries Limited
FIRSTWIN,First Winner Industries Limited
FKONCO,Fresenius Kabi Oncology Limited
FLEXITUFF,Flexituff International Limited
FMGOETZE,Federal-Mogul Goetze (India) Limited.
FORTIS,Fortis Healthcare (India) Limited
FOSECOIND,Foseco India Limited
FSL,Firstsource Solutions Limited
FTCPOF5YDV,Franklin Templeton Capital Protection Oriented Fund
FTCPOF5YGR,Franklin Templeton Capital Protection Oriented Fund
FTCSF5YDIV,Franklin Templeton Mutual Fund-Capital Safety Fund-5Y Dividend Option
FTCSF5YGRO,Franklin Templeton Mutual Fund-Capital Safety Fund-5Y (Growth Option)
FUTUREVENT,Future Ventures India Limited
GABRIEL,Gabriel India Limited
GAEL,Gujarat Ambuja Exports Limited
GAIL,GAIL (India) Limited
GAL,Gyscoal Alloys Limited
GALLANTT,Gallantt Metal Limited
GAMMNINFRA,Gammon Infrastructure Projects Limited
GAMMONIND,Gammon India Limited
GANDHITUBE,Gandhi Special Tubes Limited
GANESHHOUC,Ganesh Housing Corporation Limited
GANGOTRI,Gangotri Textiles Limited
GARDENSILK,Garden Silk Mills Limited
GARWALLROP,Garware Wall Ropes Limited
GATI,GATI Limited
GAYAPROJ,Gayatri Projects Limited
GDL,Gateway Distriparks Limited
GEECEE,GeeCee Ventures Limited
GEINDSYS,GEI Industrial Systems Limited
GEMINI,Gemini Communication Limited
GENESYS,Genesys International Corporation Limited
GENUSPOWER,Genus Power Infrastructures Limited
GEODESIC,Geodesic Limited
GEOJITBNPP,Geojit BNP Paribas Financial Services Limited
GEOMETRIC,Geometric Limited
GESHIP,The Great Eastern Shipping Company Limited
GHCL,GHCL Limited
GICHSGFIN,GIC Housing Finance Limited
GILLANDERS,Gillanders Arbuthnot & Company Limited
GILLETTE,Gillette India Limited
GINNIFILA,Ginni Filaments Limited
GIPCL,Gujarat Industries Power Company Limited
GISOLUTION,GI Engineering Solutions Limited
GITANJALI,Gitanjali Gems Limited
GKB,GKB Ophthalmics Limited
GKWLIMITED,GKW Limited
GLAXO,GlaxoSmithKline Pharmaceuticals Limited
GLENMARK,Glenmark Pharmaceuticals Limited
GLFL,Gujarat Lease Financing Limited
GLOBALVECT,Global Vectra Helicorp Limited
GLOBOFFS,Global Offshore Services Limited
GLOBUSSPR,Globus Spirits Limited
GLODYNE,Glodyne Technoserve Limited
GLORY,Glory Polyfilms Limited
GMBREW,GM Breweries Limited
GMDCLTD,Gujarat Mineral Development Corporation Limited
GMRINFRA,GMR Infrastructure Limited
GNFC,Gujarat Narmada Valley Fertilizer Company Limited
GOACARBON,Goa Carbon Limited
GODFRYPHLP,Godfrey Phillips India Limited
GODREJCP,Godrej Consumer Products Limited
GODREJIND,Godrej Industries Limited
GODREJPROP,Godrej Properties Limited
GOENKA,Goenka Diamond and Jewels Limited
GOKEX,Gokaldas Exports Limited
GOKUL,Gokul Refoils and Solvent Limited
GOLDENTOBC,Golden Tobacco Limited
GOLDIAM,Goldiam International Limited
GOLDINFRA,Goldstone Infratech Limited
GOLDTECH,Goldstone Technologies Limited
GPIL,Godawari Power And Ispat limited
GPPL,Gujarat Pipavav Port Limited
GRABALALK,Grabal Alok Impex Limited
GRANULES,Granules India Limited
GRAPHITE,Graphite India Limited
GRASIM,Grasim Industries Limited
GRASIM,Grasim Industries Limited
GRAVITA,Gravita India Limited
GREAVESCOT,Greaves Cotton Limited
GREENPLY,Greenply Industries Limited
GREENPOWER,Orient Green Power Company Limited
GRINDWELL,Grindwell Norton Limited
GRUH,Gruh Finance Limited
GSFC,Gujarat State Fertilizers & Chemicals Limited
GSKCONS,GlaxoSmithKline Consumer Healthcare Limited
GSLNOVA,GSL Nova Petrochemicals Limited
GSPL,Gujarat State Petronet Limited
GSS,GSS Infotech Limited
GTL,GTL Limited
GTLINFRA,GTL Infrastructure Limited
GTNIND,GTN Industries Limited
GTNTEX,GTN Textiles Limited
GTOFFSHORE,Great Offshore Limited
GUFICBIO,Gufic Biosciences Limited
GUJALKALI,Gujarat Alkalies and Chemicals Limited
GUJAPOLLO,Gujarat Apollo Industries Limited
GUJFLUORO,Gujarat Fluorochemicals Limited
GUJNRECOKE,Gujarat NRE Coke Limited
GUJNREDVR,Gujarat NRE Coke Limited
GUJRATGAS,Gujarat Gas Company Limited
GUJSIDHCEM,Gujarat Sidhee Cements Limited
GULFOILCOR,Gulf Oil Corporation Limited
GVKPIL,GVK Power & Infrastructure Limited
HALONIX,Halonix Limited
HANUNG,Hanung Toys and Textiles Limited
HARITASEAT,Harita Seating Systems Limited
HARRMALAYA,Harrisons Malayalam Limited
HATHWAY,Hathway Cable & Datacom Limited
HAVELLS,Havells India Limited
HBLPOWER,HBL Power Systems Limited
HBSTOCK,HB Stockholdings Limited
HCC,Hindustan Construction Company Limited
HCIL,Himadri Chemicals and Industries Limited
HCL-INSYS,HCL Infosystems Limited
HCLTECH,HCL Technologies Limited
HDFC,Housing Development Finance Corporation Limited
HDFCBANK,HDFC Bank Limited
HDIL,Housing Development and Infrastructure Limited
HEG,HEG Limited
HEIDELBERG,HeidelbergCement India Limited
HELIOSMATH,Helios And Matheson Information Technology Limited
HERCULES,Hercules Hoists Limited
HERITGFOOD,Heritage Foods (India) Limited
HEROMOTOCO,Hero MotoCorp Limited
HEXAWARE,Hexaware Technologies Limited
HFCL,Himachal Futuristic Communications Limited
HGSL,Hinduja Global Solutions Limited
HIKAL,Hikal Limited
HILTON,Hilton Metal Forging Limited
HIMACHLFUT,Himachal Futuristic Communications Limited
HIMATSEIDE,Himatsingka Seide Limited
HINDALCO,Hindalco Industries Limited
HINDCOMPOS,Hindustan Composites Limited
HINDCOPPER,Hindustan Copper Limited
HINDDORROL,Hindustan Dorr-Oliver Limited
HINDMOTORS,Hindustan Motors Limited
HINDNATGLS,Hindusthan National Glass & Industries Limited
HINDOILEXP,Hindustan Oil Exploration Company Limited
HINDPETRO,Hindustan Petroleum Corporation Limited
HINDSYNTEX,Hind Syntex Limited
HINDUJAFO,Hinduja Foundries Limited
HINDUJAVEN,Hinduja Ventures Limited
HINDUNILVR,Hindustan Unilever Limited
HINDZINC,Hindustan Zinc Limited
HIRAFERRO,Hira Ferro Alloys Limited
HIRECT,Hind Rectifiers Limited
HITACHIHOM,Hitachi Home and Life Solutions (India) Limited
HITECHGEAR,Hi-Tech Gears Limited
HITECHPLAS,Hitech Plast Limited
HMT,HMT Limited
HMVL,Hindustan Media Ventures Limited
HOCL,Hindustan Organic Chemicals Limited
HOCL,Hindustan Organic Chemicals Ltd
HONAUT,Honeywell Automation India Limited
HONDAPOWER,Honda Siel Power Products Limited
HOPFL,House of Pearl Fashions Limited
HORIZONINF,Horizon Infrastructure Limited
HOTELEELA,Hotel Leela Venture Limited
HOVS,HOV Services Limited
HSIL,HSIL Limited
HTMEDIA,HT Media Limited
HUBTOWN,Hubtown Limited
HYDRBADIND,Hyderabad Industries Limited
HYDROS&S,Hydro S & S Industries Limited
IBPOW,Indiabulls Power Limited
IBREALEST,Indiabulls Real Estate Limited
IBSEC,Indiabulls Securities Limited
IBWSL,Indiabulls Wholesale Services Limited
ICICIBANK,ICICI Bank Limited
ICIL,Indo Count Industries Limited
ICRA,ICRA Limited
ICSA,ICSA (India) Limited
IDBI,IDBI Bank Limited
IDEA,Idea Cellular Limited
IDFC,Infrastructure Development Finance Company Limited
IFBIND,IFB Industries Limited
IFCI,IFCI Limited
IFGLREFRAC,IFGL Refractories Limited
IGARASHI,Igarashi Motors India Limited
IGARASHI,Igarashi Motors India Limited
IGL,Indraprastha Gas Limited
IGPL,IG Petrochemicals Limited
IITL,Industrial Investment Trust Limited
IL&FSENGG,IL&FS Engineering and Construction Company Limited
IL&FSTRANS,IL&FS Transportation Networks Limited
IMFA,Indian Metals & Ferro Alloys Limited
IMPAL,India Motor Parts and Accessories Limited
IMPEXFERRO,Impex Ferro Tech Limited
INDBANK,Indbank Merchant Banking Services Limited
INDHOTEL,The Indian Hotels Company Limited
INDIABULLS,Indiabulls Financial Services Limited
INDIACEM,The India Cements Limited
INDIAGLYCO,India Glycols Limited
INDIAINFO,India Infoline Limited
INDIANCARD,Indian Card Clothing Company Limited
INDIANHUME,Indian Hume Pipe Company Limited
INDLMETER,IMP Powers Limited
INDNIPPON,India Nippon Electricals Limited
INDOCO,Indoco Remedies Limited
INDORAMA,Indo Rama Synthetics (India) Limited
INDOSOLAR,Indosolar Limited
INDOTECH,Indo Tech Transformers Limited
INDOTHAI,Indo Thai Securities Limited
INDOWIND,Indowind Energy Limited
INDRAMEDCO,Indraprastha Medical Corporation Limited
INDSWFTLAB,Ind-Swift Laboratories Limited
INDSWFTLTD,Ind-Swift Limited
INDTERRAIN,Indian Terrain Fashions Limited
INDUSFILA,Indus Fila Limited
INDUSINDBK,IndusInd Bank Limited
INDUSINDBK,IndusInd Bank Limited
INEABS,INEOS ABS (India) Limited
INFINITE,Infinite Computer Solutions (India) Limited
INFODRIVE,Info-Drive Software Limited
INFOMEDIA,Infomedia 18 Limited
INFOTECENT,Infotech Enterprises Limited
INFY,Infosys Limited
INGERRAND,Ingersoll Rand (India) Limited
INGVYSYABK,ING Vysya Bank Limited
INGVYSYABK,ING Vysya Bank Limited
INNOIND,Innoventive Industries Limited
INOXLEISUR,INOX Leisure Limited
INSECTICID,Insecticides (India) Limited
INVENTURE,Inventure Growth & Securities Limited
IOC,Indian Oil Corporation Limited
IOLCP,IOL Chemicals and Pharmaceuticals Limited
IOLN,IOL Netcom Limited
IPCALAB,IPCA Laboratories Limited
IPRINGLTD,IP Rings Limited
IRB,IRB Infrastructure Developers Limited
ISFT,Intrasoft Technologies Limited
ISMTLTD,ISMT Limited
ITC,ITC Limited
ITDCEM,ITD Cementation India Limited
ITI,ITI Limited
IVC,IL&FS Investment Managers Limited
IVP,IVP Limited
IVRCLAH,IVRCL Assets & Holdings Limited
IVRCLINFRA,IVRCL Limited
J&KBANK,The Jammu & Kashmir Bank Limited
JAGRAN,Jagran Prakashan Limited
JAGSNPHARM,Jagsonpal Pharmaceuticals Limited
JAIBALAJI,Jai Balaji Industries Limited
JAICORPLTD,Jai Corp Limited
JAINSTUDIO,Jain Studios Limited
JAMNAAUTO,Jamna Auto Industries Limited
JAYAGROGN,Jayant Agro Organics Limited
JAYBARMARU,Jay Bharat Maruti Limited
JAYNECOIND,Jayaswal Neco Industries Limited
JAYSREETEA,Jayshree Tea & Industries Limited
JBCHEPHARM,JB Chemicals & Pharmaceuticals Limited
JBFIND,JBF Industries Limited
JBMA,JBM Auto Limited
JCTEL,JCT Electronics Limited
JDORGOCHEM,JD Orgochem Limited
JENSONICOL,Jenson & Nicholson (India) Limited
JETAIRWAYS,Jet Airways (India) Limited
JHS,JHS Svendgaard Laboratories Limited
JIKIND,JIK Industries Limited
JINDALPHOT,Jindal Photo Limited
JINDALPOLY,Jindal Poly Films Limited
JINDALSAW,Jindal Saw Limited
JINDALSTEL,Jindal Steel & Power Limited
JINDALSWHL,Jindal South West Holdings Limited
JINDCOT,Jindal Cotex Limited
JINDRILL,Jindal Drilling And Industries Limited
JINDWORLD,Jindal Worldwide Limited
JISLJALEQS,Jain Irrigation Systems Limited
JKCEMENT,JK Cement Limited
JKIL,J.Kumar Infraprojects Limited
JKLAKSHMI,JK Lakshmi Cement Limited
JKPAPER,JK Paper Limited
JKTYRE,JK Tyre & Industries Limited
JMCPROJECT,JMC Projects (India) Limited
JMFINANCIL,JM Financial Limited
JMTAUTOLTD,JMT Auto Limited
JOCIL,Jocil Limited
JPASSOCIAT,Jaiprakash Associates Limited
JPINFRATEC,Jaypee Infratech Limited
JPPOWER,Jaiprakash Power Ventures Limited
JSL,JSL Stainless Limited
JSWENERGY,JSW Energy Limited
JSWISPAT,JSW ISPAT Steel Limited
JSWSTEEL,JSW Steel Limited
JUBILANT,Jubilant Life Sciences Limited
JUBLFOOD,Jubilant Foodworks Limited
JUBLINDS,Jubilant Industries Limited
JUMBO,Jumbo Bag Limited
JUPITER,Jupiter Bioscience Limited
JVLAGRO,JVL Agro Industries Limited
JYOTHYLAB,Jyothy Laboratories Limited
JYOTISTRUC,Jyoti Structures Limited
KABRAEXTRU,Kabra Extrusion Technik Limited
KAJARIACER,Kajaria Ceramics Limited
KAKATCEM,Kakatiya Cement Sugar & Industries Limited
KALECONSUL,Kale Consultants Limited
KALINDEE,Kalindee Rail Nirman (Engineers) Limited
KALPATPOWR,Kalpataru Power Transmission Limited
KAMATHOTEL,Kamat Hotels (I) Limited
KANDAGIRI,Kandagiri Spinning Mills Limited
KANORICHEM,Kanoria Chemicals & Industries Limited
KANSAINER,Kansai Nerolac Paints Limited
KARMAENG,Karma Energy Limited
KARURKCP,Karur K.C.P. Packkagings Limited
KARURVYSYA,Karur Vysya Bank Limited
KAUSHALYA,Kaushalya Infrastructure Development Corporation Limited
KAVVERITEL,Kavveri Telecom Products Limited
KAVVERITEL,Kavveri Telecom Products Limited
KBIL,Kirloskar Brothers Investments Limited
KCP,KCP Limited
KCPSUGIND,KCP Sugar and Industries Corporation Limited
KEC,KEC International Limited
KECL,Kirloskar Electric Company Limited
KEI,KEI Industries Limited
KEMROCK,Kemrock Industries and Exports Limited
KERNEX,Kernex Microsystems (India) Limited
KESARENT,Kesar Enterprises Limited
KESORAMIND,Kesoram Industries Limited
KEYCORPSER,Keynote Corporate Services Limited
KFA,Kingfisher Airlines Limited
KHAITANELE,Khaitan Electricals Limited
KHAITANLTD,Khaitan (India) Limited
KHANDSE,Khandwala Securities Limited
KICL,Kalyani Investment Company Limited
KIL,Kamdhenu Ispat Limited
KILITCH,Kilitch Drugs (India) Limited
KINETICMOT,Kinetic Motor Company Limited
KIRIINDUS,Kiri Industries Limited
KIRLOSBROS,Kirloskar Brothers Limited
KIRLOSENG,Kirloskar Oil Engines Limited
KIRLOSIND,Kirloskar Industries Limited
KITPLYIND,Kitply Industries Limited
KKCL,Kewal Kiran Clothing Limited
KLGSYSTEL,KLG Systel Limited
KLRF,KLRF Limited
KMSUGAR,K.M.Sugar Mills Limited
KNRCON,KNR Constructions Limited
KOHINOOR,Kohinoor Foods Limited
KOLTEPATIL,Kolte - Patil Developers Limited
KOPDRUGS,KDL Biotech Limited
KOPRAN,Kopran Limited
KOTAKBANK,Kotak Mahindra Bank Limited
KOTARISUG,Kothari Sugars And Chemicals Limited
KOTHARIPET,Kothari Petrochemicals Limited
KOTHARIPRO,Kothari Products Limited
KOUTONS,Koutons Retail India Limited
KPIT,KPIT Cummins Infosystems Limited
KPRMILL,K.P.R. Mill Limited
KRBL,KRBL Limited
KRBL,KRBL Limited
KRISHNAENG,Krishna Engineering Works Limited
KRITIIND,Kriti Industries (India) Limited
KSBPUMPS,KSB Pumps Limited
KSCL,Kaveri Seed Company Limited
KSE,KSE Limited
KSERAPRO,K Sera Sera Productions Limited
KSK,KSK Energy Ventures Limited
KSL,Kalyani Steels Limited
KSOILS,K S Oils Limited
KTIL,Kesar Terminals & Infrastructure Limited
KTKBANK,The Karnataka Bank Limited
KWALITY,Kwality Dairy (India) Limited
KWALITY,Kwality Dairy (India) Limited
L&TFH,L&T Finance Holdings Limited
LAKPRE,Lakshmi Precision Screws Limited
LAKSHMIEFL,Lakshmi Energy and Foods Limited
LAKSHMIMIL,The Lakshmi Mills Company Limited
LAKSHVILAS,Lakshmi Vilas Bank Limited
LANCOIN,Lanco Industries Limited
LAOPALA,La Opala RG Limited
LAXMIMACH,Lakshmi Machine Works Limited
LCCINFOTEC,LCC Infotech Limited
LCCINFOTEC,LCC Infotech Limited
LGBBROSLTD,LG Balakrishnan & Bros Limited
LIBERTSHOE,Liberty Shoes Limited
LICHSGFIN,LIC Housing Finance Limited
LITL,Lanco Infratech Limited
LLOYDELENG,Lloyd Electric & Engineering Limited
LLOYDFIN,Lloyds Finance Limited
LLOYDSTEEL,Lloyds Steel Industries Limited
LML,LML Limited
LOGIXMICRO,Logix Microsystems Limited
LOKESHMACH,Lokesh Machines Limited
LOTUSEYE,Lotus Eye Care Hospital Limited
LOVABLE,Lovable Lingerie Limited
LPDC,Landmark Property Development Company Limited
LT,Larsen & Toubro Limited
LUMAXAUTO,Lumax Automotive Systems Limited
LUMAXIND,Lumax Industries Limited
LUMAXTECH,Lumax Auto Technologies Limited
LUPIN,Lupin Limited
LYKALABS,Lyka Labs Limited
M&M,Mahindra & Mahindra Limited
M&MFIN,Mahindra & Mahindra Financial Services Limited
MAANALU,Maan Aluminium Limited
MADHAV,Madhav Marbles and Granites Limited
MADHUCON,Madhucon Projects Limited
MADRASCEM,Madras Cements Limited
MADRASFERT,Madras Fertilizers Limited
MADRASFERT,Madras Fertilizers Ltd
MAGMA,Magma Fincorp Limited
MAGNUM,Magnum Ventures Limited
MAHABANK,Bank of Maharashtra
MAHINDFORG,Mahindra Forgings Limited
MAHINDUGIN,Mahindra Ugine Steel Company Limited
MAHLIFE,Mahindra Lifespace Developers Limited
MAHSCOOTER,Maharashtra Scooters Limited
MAHSEAMLES,Maharashtra Seamless Limited
MAITHANALL,Maithan Alloys Limited
MALUPAPER,Malu Paper Mills Limited
MALWACOTT,Malwa Cotton Spg. Mills Limited
MANAKSIA,Manaksia Limited
MANALIPETC,Manali Petrochemical Limited
MANAPPURAM,Manappuram Finance Limited
MANDHANA,Mandhana Industries Limited
MANGALAM,Mangalam Drugs And Organics Limited
MANGCHEFER,Mangalore Chemicals & Fertilizers Limited
MANGLMCEM,Mangalam Cement Limited
MANGTIMBER,Mangalam Timber Products Limited
MANINDS,Man Industries (India) Limited
MANINFRA,Man Infraconstruction Limited
MANJEERA,Manjeera Constructions Limited
MANJUSHREE,Manjushree Technopack Limited
MANUGRAPH,Manugraph India Limited
MARALOVER,Maral Overseas Limited
MARG,Marg Limited
MARICO,Marico Limited
MARKSANS,Marksans Pharma Limited
MARUTI,Maruti Suzuki India Limited
MASTEK,Mastek Limited
MAWANASUG,Mawana Sugars Limited
MAX,Max India Limited
MAXWELL,Maxwell Industries Limited
MBECL,Mcnally Bharat Engineering Company Limited
MBLINFRA,MBL Infrastructures Limited
MBSWITCH,M AND B Switchgears Limited
MCDHOLDING,McDowell Holdings Limited
MCDOWELL-N,United Spirits Limited
MCLEODRUSS,Mcleod Russel India Limited
MEGASOFT,Megasoft Limited
MEGH,Meghmani Organics Limited
MELSTAR,Melstar Information Technologies Limited
MERCK,Merck Limited
MHRIL,Mahindra Holidays & Resorts India Limited
MIC,MIC Electronics Limited
MICROSEC,Microsec Financial Services Limited
MICROTECH,Micro Technologies (India) Limited
MINDAIND,Minda Industries Limited
MINDTREE,MindTree Limited
MIRCELECTR,MIRC Electronics Limited
MIRZAINT,Mirza International Limited
MLL,Mercator Lines Limited
MMFL,MM Forgings Limited
MMFSL,Money Matters Financial Services Limited
MMTC,MMTC Limited
MOIL,MOIL Limited
MONNETISPA,Monnet Ispat Limited
MONSANTO,Monsanto India Limited
MORARJETEX,Morarjee Textiles Limited
MOREPENLAB,Morepen Laboratories Limited
MOSERBAER,Moser-Baer (I) Limited
MOTHERSUMI,Motherson Sumi Systems Limited
MOTILALOFS,Motilal Oswal Financial Services Limited
MOTOGENFIN,The Motor & General Finance Limited
MPHASIS,MphasiS Limited
MPSLTD,MPS Limited
MRF,MRF Limited
MRO-TEK,MRO-TEK Limited
MRPL,Mangalore Refinery and Petrochemicals Limited
MSPL,MSP Steel & Power Limited
MTNL,Mahanagar Telephone Nigam Limited
MUDRA,Mudra Lifestyle Limited
MUKANDENGG,Mukand Engineers Limited
MUKANDLTD,Mukand Limited
MUKTAARTS,Mukta Arts Limited
MUNDRAPORT,Mundra Port and Special Economic Zone Limited
MUNJALAU,Munjal Auto Industries Limited
MUNJALSHOW,Munjal Showa Limited
MURLIIND,Murli Industries Limited
MURUDCERA,Murudeshwar Ceramics Limited
MUTHOOTFIN,Muthoot Finance Limited
MVL,MVL Limited
MVLIND,MVL Industries Limited
MVLIND,MVL Industries Limited
MYSOREBANK,State Bank of Mysore
NAGREEKCAP,Nagreeka Capital & Infrastructure Limited
NAGREEKEXP,Nagreeka Exports Limited
NAHARCAP,Nahar Capital and Financial Services Limited
NAHARINDUS,Nahar Industrial Enterprises Limited
NAHARPOLY,Nahar Poly Films Limited
NAHARSPING,Nahar Spinning Mills Limited
NANDAN,Nandan Exim Limited
NATCOPHARM,Natco Pharma Limited
NATHSEED,Nath Seeds Limited
NATIONALUM,National Aluminium Company Limited
NATNLSTEEL,National Steel And Agro Industries Limited
NAUKRI,Info Edge (India) Limited
NAVINFLUOR,Navin Fluorine International Limited
NAVNETPUBL,Navneet Publications India Limited
NBVENTURES,Nava Bharat Ventures Limited
NCC,NCC Limited
NCLIND,NCL Industries Limited
NCOPPER,Nissan Copper Limited
NDTV,New Delhi Television Limited
NECLIFE,Nectar Lifesciences Limited
NELCAST,Nelcast Limited
NELCO,NELCO Limited
NEOCURE,Neocure Therapeutics Limited
NEPCMICON,NEPC India Limited
NESCO,Nesco Limited
NESTLEIND,Nestle India Limited
NET4,Net 4 India Limited
NETWORK18,Network18 Media & Investments Limited
NEULANDLAB,Neuland Laboratories Limited
NEXTMEDIA,Next Mediaworks Limited
NEYVELILIG,Neyveli Lignite Corporation Limited
NFL,National Fertilizers Limited
NHPC,NHPC Limited
NICCO,Nicco Corporation Limited
NIITLTD,NIIT Limited
NIITTECH,NIIT Technologies Limited
NILKAMAL,Nilkamal Limited
NIPPOBATRY,Nippo Batteries Company Limited
NITCO,Nitco Limited
NITESHEST,Nitesh Estates Limited
NITINFIRE,Nitin Fire Protection Industries Limited
NITINSPIN,Nitin Spinners Limited
NMDC,NMDC Limited
NOCIL,NOCIL Limited
NOIDATOLL,Noida Toll Bridge Company Limited
NOL,National Oxygen Limited
NORBTEAEXP,Norben Tea & Exports Limited
NORTHGATE,Northgate Technologies Limited
NOVOPANIND,Novopan Industries Limited
NRBBEARING,NRB Bearing Limited
NRC,NRC Limited
NSIL,Nalwa Sons Investments Limited
NTPC,NTPC Limited
NUCENT,Nucent Finance Limited
NUCENT,Nucent Finance Limited
NUCHEM,Nuchem Limited
NUCLEUS,Nucleus Software Exports Limited
NUMERICPW,Numeric Power Systems Limited
NUTEK,Nu Tek India Limited
OBEROIRLTY,Oberoi Realty Limited
OCL,OCL India Limited
OFSS,Oracle Financial Services Software Limited
OIL,Oil India Limited
OILCOUNTUB,Oil Country Tubular Limited
OISL,OCL Iron and Steel Limited
OMAXAUTO,Omax Autos Limited
OMAXE,Omaxe Limited
OMKARCHEM,Omkar Speciality Chemicals Limited
OMMETALS,OM Metals Infraprojects Limited
OMNITECH,Omnitech Infosolutions Limited
ONELIFECAP,Onelife Capital Advisors Limited
ONGC,Oil & Natural Gas Corporation Limited
ONMOBILE,OnMobile Global Limited
ONWARDTEC,Onward Technologies Limited
OPTOCIRCUI,Opto Circuits (India) Limited
ORBITCORP,Orbit Corporation Limited
ORCHIDCHEM,Orchid Chemicals & Pharmaceuticals Limited
ORIENTALTL,Oriental Trimex Limited
ORIENTALTL,Oriental Trimex Limited
ORIENTBANK,Oriental Bank of Commerce
ORIENTCERA,Orient Ceramics and Industries Limited
ORIENTHOT,Oriental Hotels Limited
ORIENTLTD,Orient Press Limited
ORIENTPPR,Orient Paper & Industries Limited
ORISSAMINE,The Orissa Minerals Development Company Limited
OSWALMIN,Oswal Minerals Limited
OUDHSUG,The Oudh Sugar Mills Limited
PAEL,PAE Limited
PAGEIND,Page Industries Limited
PANACEABIO,Panacea Biotec Limited
PANAMAPET,Panama Petrochem Limited
PANASONIC,Panasonic Home Appliances India Company Limited
PANCARBON,Panasonic Carbon India Company Limited
PANCHSHEEL,Panchsheel Organics Limited
PANORAMUNI,Panoramic Universal Limited
PANTALOONR,Pantaloon Retail (India) Limited
PANTALOONR,Pantaloon Retail (India) Limited
PAPERPROD,The Paper Products Limited
PARABDRUGS,Parabolic Drugs Limited
PARACABLES,Paramount Communications Limited
PARAL,Parekh Aluminex Limited
PARAPRINT,Paramount Printpackaging Limited
PARASPETRO,Paras Petrofils Limited
PARSVNATH,Parsvnath Developers Limited
PATELENG,Patel Engineering Limited
PATINTLOG,Patel Integrated Logistics Limited
PATNI,Patni Computer Systems Limited
PATSPINLTD,Patspin India Limited
PBAINFRA,PBA Infrastructure Limited
PDPL,Parenteral Drugs (India) Limited
PDUMJEIND,Pudumjee Industries Limited
PDUMJEPULP,Pudumjee Pulp & Paper Mills Limited
PEACOCKIND,Peacock Industries Limited
PEARLPOLY,Pearl Polymers Limited
PENIND,Pennar Industries Limited
PENINLAND,Peninsula Land Limited
PEPL,Pearl Engineering Polymers Limited
PERIATEA,The Peria Karamalai Tea & Produce Company Limited
PERSISTENT,Persistent Systems Limited
PETRONENGG,Petron Engineering Construction Limited
PETRONET,Petronet LNG Limited
PFC,Power Finance Corporation Limited
PFIZER,Pfizer Limited
PFOCUS,Prime Focus Limited
PFS,PTC India Financial Services Limited
PGEL,PG Electroplast Limited
PGHH,Procter & Gamble Hygiene and Health Care Limited
PHILIPCARB,Phillips Carbon Black Limited
PHOENIXLTD,The Phoenix Mills Limited
PIDILITIND,Pidilite Industries Limited
PIIND,PI Industries Limited
PIONDIST,Pioneer Distilleries Limited
PIONEEREMB,Pioneer Embroideries Limited
PIPAVAVDOC,Pipavav Defence and Offshore Engineering Company Limited
PIRGLASS,Piramal Glass Limited
PIRHEALTH,Piramal Healthcare Limited
PIRLIFE,Piramal Life Sciences Limited
PITTILAM,Pitti Laminations Limited
PLASTIBLEN,Plastiblends India Limited
PLETHICO,Plethico Pharmaceuticals Limited
PNBGILTS,PNB Gilts Limited
PNC,Pritish Nandy Communications Limited
POCHIRAJU,Pochiraju Industries Limited
POLARIND,Polar Industries Limited
POLARIS,Polaris Software Lab Limited
POLARIS,Polaris Software Lab Limited
POLYPLEX,Polyplex Corporation Limited
PONDYOXIDE,Pondy Oxides & Chemicals Limited
PONNIERODE,Ponni Sugars (Erode) Limited
POWERGRID,Power Grid Corporation of India Limited
PPAP,Precision Pipes And Profiles Company Limited
PRADIP,Pradip Overseas Limited
PRAENG,Prajay Engineers Syndicate Limited
PRAJIND,Praj Industries Limited
PRAKASH,Prakash Industries Limited
PRAKASHCON,Prakash Constrowell Limited
PRAKASHSTL,Prakash Steelage Limited
PRATIBHA,Pratibha Industries Limited
PRECOT,Precot Meridian Limited
PRECWIRE,Precision Wires India Limited
PREMIER,Premier Limited
PRESTIGE,Prestige Estates Projects Limited
PRETAILDVR,Pantaloon Retail (India) Limited
PRETAILDVR,Pantaloon Retail (India) Limited
PRICOL,Pricol Limited
PRIMESECU,Prime Securities Limited
PRISMCEM,Prism Cement Limited
PRITHVI,Prithvi Information Solutions Limited
PRITHVISOF,Prithvi Softech Limited
PROVOGUE,Provogue (India) Limited
PSL,PSL Limited
PTC,PTC India Limited
PTL,PTL Enterprises Limited
PTL,PTL Enterprises Limited
PUNJABCHEM,Punjab Chemicals & Crop Protection Limited
PUNJLLOYD,Punj Lloyd Limited
PURVA,Puravankara Projects Limited
PVP,PVP Ventures Limited
PVR,PVR Limited
QUINTEGRA,Quintegra Solutions Limited
QUINTEGRA,Quintegra Solutions Limited
RADAAN,Radaan Mediaworks India Limited
RADICO,Radico Khaitan Limited
RAINBOWPAP,Rainbow Papers Limited
RAINCOM,Rain Commodities Limited
RAIREKMOH,Raisaheb Reckhchand Mohota Spinning & Weaving Mills Limited
RAIREKMOH,Raisaheb Rekhchand Mohota Spg & Wvg Mills Ltd
RAJESHEXPO,Rajesh Exports Limited
RAJOIL,Raj Oil Mills Limited
RAJPALAYAM,Rajapalayam Mills Limited
RAJRAYON,Raj Rayon Industries Limited
RAJTV,Raj Television Network Limited
RAJVIR,Rajvir Industries Limited
RALLIS,Rallis India Limited
RAMANEWS,Rama Newsprint and Papers Limited
RAMCOIND,Ramco Industries Limited
RAMCOSYS,Ramco Systems Limited
RAMKY,Ramky Infrastructure Limited
RAMSARUP,Ramsarup Industries Limited
RANASUG,Rana Sugars Limited
RANBAXY,Ranbaxy Laboratories Limited
RANEENGINE,Rane Engine Valve Limited
RANEENGINE,Rane Engine Valve Limited
RANEHOLDIN,Rane Holdings Limited
RANKLIN,Ranklin Solutions Limited
RATNAMANI,Ratnamani Metals & Tubes Limited
RAYMOND,Raymond Limited
RBL,Rane Brake Lining Limited
RBN,Reliance Broadcast Network Limited
RCF,Rashtriya Chemicals and Fertilizers Limited
RCOM,Reliance Communications Limited
RECLTD,Rural Electrification Corporation Limited
REDINGTON,Redington (India) Limited
REFEX,Refex Refrigerants Limited
REIAGROLTD,Rei Agro Limited
REISIXTEN,REI Six Ten Retail Limited
RELAXO,Relaxo Footwears Limited
RELCAPITAL,Reliance Capital Limited
RELIANCE,Reliance Industries Limited
RELIGARE,Religare Enterprises Limited
RELINFRA,Reliance Infrastructure Limited
RELMEDIA,Reliance MediaWorks Limited
REMSONSIND,Remsons Industries Limited
REMSONSIND,Remsons Industries Ltd
RENUKA,Shree Renuka Sugars Limited
REPRO,Repro India Limited
RESPONIND,Responsive Industries Limited
REVATHI,Revathi Equipment Limited
RICOAUTO,Rico Auto Industries Limited
RIIL,Reliance Industrial Infrastructure Limited
RJL,Renaissance Jewellery Limited
RKDL,Ravi Kumar Distilleries Limited
RKFORGE,Ramkrishna Forgings Limited
RKFORGE,Ramkrishna Forgings Limited
RMCL,Radha Madhav Corporation Limited
RMEDIA,Reliance Media World Limited
RML,Rane (Madras) Limited
ROHITFERRO,Rohit Ferro-Tech Limited
ROHLTD,Royal Orchid Hotels Limited
ROLTA,Rolta India Limited
ROMAN,Roman Tarmat Limited
RPGLIFE,RPG Life Sciences Limited
RPOWER,Reliance Power Limited
RPPINFRA,R.P.P. Infra Projects Limited
RSSOFTWARE,R. S. Software (India) Limited
RSWM,RSWM Limited
RSYSTEMS,R Systems International Limited
RUBYMILLS,The Ruby Mills Limited
RUCHINFRA,Ruchi Infrastructure Limited
RUCHIRA,Ruchira Papers Limited
RUCHISOYA,Ruchi Soya Industries Limited
RUSHIL,Rushil Decor Limited
SABERORGAN,Sabero Organics Gujarat Limited
SADBHAV,Sadbhav Engineering Limited
SAGCEM,Sagar Cements Limited
SAHPETRO,Sah Petroleums Limited
SAIL,Steel Authority of India Limited
SAKHTISUG,Sakthi Sugars Limited
SAKSOFT,Saksoft Limited
SAKUMA,Sakuma Exports Limited
SALONACOT,Salona Cotspin Limited
SALORAINTL,Salora International Limited
SALSTEEL,S.A.L. Steel Limited
SAMBANDAM,Sambandam Spinning Mills Limited
SAMBHAAV,Sambhaav Media Limited
SANDESH,The Sandesh Limited
SANGAMIND,Sangam (India) Limited
SANGHVIFOR,Sanghvi Forging and Engineering Limited
SANGHVIMOV,Sanghvi Movers Limited
SANWARIA,Sanwaria Agro Oils Limited
SARDAEN,Sarda Energy & Minerals Limited
SAREGAMA,Saregama India Limited
SARLAPOLY,Sarla Performance Fibers Limited
SARTHAKIND,Sarthak Industries Limited
SASKEN,Sasken Communication Technologies Limited
SATHAISPAT,Sathavahana Ispat Limited
SATYAMCOMP,Satyam Computer Services Limited
SAVERA,Savera Industries Limited
SB&TINTL,SB&T International Limited
SCI,Shipping Corporation Of India Limited
SEAMECLTD,Seamec Limited
SEINV,S.E. Investments Limited
SELAN,Selan Exploration Technology Limited
SELMCL,SEL Manufacturing Company Limited
SERVALL,Servalakshmi Paper Limited
SESAGOA,Sesa Goa Limited
SESHAPAPER,Seshasayee Paper and Boards Limited
SGFL,Shree Ganesh Forgings Limited
SGJHL,Shree Ganesh Jewellery House Limited
SHAHALLOYS,Shah Alloys Limited
SHAKTIPUMP,Shakti Pumps (India) Limited
SHALPAINTS,Shalimar Paints Limited
SHANTIGEAR,Shanthi Gears Limited
SHARRESLTD,Sharyans Resources Limited
SHASUNPHAR,Shasun Pharmaceuticals Limited
SHILPAMED,Shilpa Medicare Limited
SHILPI,Shilpi Cable Technologies Limited
SHIV-VANI,Shiv-Vani Oil & Gas Exploration Services Limited
SHIVAMAUTO,Shivam Autotech Limited
SHIVTEX,Shiva Texyarn Limited
SHLAKSHMI,Shri Lakshmi Cotsyn Limited
SHOPERSTOP,Shoppers Stop Limited
SHREEASHTA,Shree Ashtavinayak Cine Vision Limited
SHREECEM,Shree Cements Limited
SHREERAMA,Shree Rama Multi-Tech Limited
SHRENUJ,Shrenuj & Company Limited
SHREYANIND,Shreyans Industries Limited
SHREYAS,Shreyas Shipping & Logistics Limited
SHRIRAMCIT,Shriram City Union Finance Limited
SHRIRAMEPC,Shriram EPC Limited
SHYAMTEL,Shyam Telecom Limited
SICAGEN,Sicagen India Limited
SICAL,Sical Logistics Limited
SIEMENS,Siemens Limited
SILINV,SIL Investments Limited
SIMBHSUGAR,Simbhaoli Sugars Limited
SIMPLEX,Simplex Projects Limited
SIMPLEXINF,Simplex Infrastructures Limited
SINTEX,Sintex Industries Limited
SIRPAPER,The Sirpur Paper Mills Limited
SITASHREE,Sita Shree Food Products Limited
SIYSIL,Siyaram Silk Mills Limited
SJVN,SJVN Limited
SKFINDIA,SKF India Limited
SKMEGGPROD,SKM Egg Products Export (India) Limited
SKSMICRO,SKS Microfinance Limited
SKUMARSYNF,S. Kumars Nationwide Limited
SMARTLINK,Smartlink Network Systems Limited
SMLISUZU,SML Isuzu Limited
SMOBILITY,S Mobility Limited
SMPL,Sujana Metal Products Limited
SMSPHARMA,SMS Pharmaceuticals Limited
SOBHA,Sobha Developers Limited
SOFTPRO,Softpro Systems Limited
SOFTTECHGR,Software Technology Group International Limited
SOLARINDS,Solar Industries India Limited
SOLEMS,Solectron EMS India Limited
SOMANYCERA,Somany Ceramics Limited
SOMATEX,Soma Textiles & Industries Limited
SONASTEER,Sona Koyo Steering Systems Limited
SONATSOFTW,Sonata Software Limited
SOTL,Savita Oil Technologies Limited
SOUISPAT,Southern Ispat And Energy Limited
SOUTHBANK,The South Indian Bank Limited
SPANCO,Spanco Limited
SPARC,Sun Pharma Advanced Research Company Limited
SPENTEX,Spentex Industries Limited
SPIC,Southern Petrochemicals Industries Corporation Limited
SPMLINFRA,SPML Infra Limited
SPYL,Shekhawati Poly-Yarn Limited
SREINFRA,SREI Infrastructure Finance Limited
SRF,SRF Limited
SRGINFOTEC,SRG Infotec (India) Limited
SRHHLINDST,SRHHL Industries Limited
SRHHYPOLTD,Sree Rayalaseema Hi-Strength Hypo Limited
SRICHAMUND,Sri Chamundeswari Sugars Limited
SRSLTD,SRS Limited
SRTRANSFIN,Shriram Transport Finance Company Limited
SSWL,Steel Strips Wheels Limited
STAR,Strides Arcolab Limited
STARPAPER,Star Paper Mills Limited
STCINDIA,The State Trading Corporation of India Limited
STEL,Stel Holdings Limited
STER,Sterlite Industries ( India ) Limited
STERLINBIO,Sterling Biotech Limited
STERTOOLS,Sterling Tools Limited
STOREONE,Store One Retail India Limited
STRTECH,Sterlite Technologies Limited
SUBEX,Subex Limited
SUDAR,Sudar Garments Limited
SUDARSCHEM,Sudarshan Chemical Industries Limited
SUJANATOW,Sujana Tower Limited
SUJANAUNI,Sujana Universal Industries Limited
SUMEETINDS,Sumeet Industries Limited
SUMMITSEC,Summit Securities Limited
SUNCLAYTON,Sundaram Clayton Limited
SUNDARAM,Sundaram Multi Pap Limited
SUNDARMFIN,Sundaram Finance Limited
SUNDRMBRAK,Sundaram Brake Linings Limited
SUNDRMFAST,Sundram Fasteners Limited
SUNFLAG,Sunflag Iron And Steel Company Limited
SUNILHITEC,Sunil Hitech Engineers Limited
SUNPHARMA,Sun Pharmaceuticals Industries Limited
SUNTECK,Sunteck Realty Limited
SUNTV,Sun TV Network Limited
SUPER,Super Sales India Limited
SUPERSPIN,Super Spinning Mills Limited
SUPPETRO,Supreme Petrochem Limited
SUPRAJIT,Suprajit Engineering Limited
SUPRAJIT,Suprajit Engineering Limited
SUPREMEIND,Supreme Industries Limited
SUPREMEINF,Supreme Infrastructure India Limited
SURAJDIAMN,Su-Raj Diamonds and Jewellery Limited
SURANACORP,Surana Corporation Limited
SURANACORP,Surana Corporation Limited
SURANAIND,Surana Industries Limited
SURANAT&P,Surana Telecom and Power Limited
SURANAVEL,Surana Ventures Limited
SURYAJYOTI,Suryajyoti Spinning Mills Limited
SURYALAXMI,Suryalakshmi Cotton Mills Limited
SURYALAXMI,Suryalakshmi Cotton Mills Limited
SURYAPHARM,Surya Pharmaceutical Limited
SURYAROSNI,Surya Roshni Limited
SUTLEJTEX,Sutlej Textiles and Industries Limited
SUVEN,Suven Life Sciences Limited
SUZLON,Suzlon Energy Limited
SWARAJENG,Swaraj Engines Limited
SYMPHONY,Symphony Limited
SYNCOM,Syncom Healthcare Limited
TAINWALCHM,Tainwala Chemical and Plastic (I) Limited
TAJGVK,Taj GVK Hotels & Resorts Limited
TAKE,Take Solutions Limited
TAKSHEEL,Taksheel Solutions Limited
TALBROAUTO,Talbros Automotive Components Limited
TALWALKARS,Talwalkars Better Value Fitness Limited
TANFACIND,Tanfac Industries Limited
TANTIACONS,Tantia Constructions Limited
TARAPUR,Tarapur Transformers Limited
TATACHEM,Tata Chemicals Limited
TATACOFFEE,Tata Coffee Limited
TATACOMM,Tata Communications Limited
TATAELXSI,Tata Elxsi Limited
TATAGLOBAL,Tata Global Beverages Limited
TATAINVEST,Tata Investment Corporation Limited
TATAMETALI,Tata Metaliks Limited
TATAMOTORS,Tata Motors Limited
TATAMTRDVR,Tata Motors Limited
TATAPOWER,Tata Power Company Limited
TATASPONGE,Tata Sponge Iron Limited
TATASTEEL,Tata Steel Limited
TCI,Transport Corporation of India Limited
TCIDEVELOP,TCI Developers Limited
TCIFINANCE,TCI Finance Limited
TCS,Tata Consultancy Services Limited
TDPOWERSYS,TD Power Systems Limited
TECHM,Tech Mahindra Limited
TECHNO,Techno Electric & Engineering Company Limited
TECHNOFAB,Technofab Engineering Limited
TECPRO,Tecpro Systems Limited
TELEDATAIT,Teledata Technology Solutions Limited
TELEMARINE,Teledata Marine Solutions Limited
TEXMACOLTD,Texmaco Limited
TEXMOPIPES,Texmo Pipes and Products Limited
TEXRAIL,Texmaco Rail & Engineering Limited
TFCILTD,Tourism Finance Corporation of India Limited
TFL,Transwarranty Finance Limited
THANGAMAYL,Thangamayil Jewellery Limited
THEMISMED,Themis Medicare Limited
THERMAX,Thermax Limited
THINKSOFT,Thinksoft Global Services Limited
THINKSOFT,Thinksoft Global Services Limited
THIRUSUGAR,Thiru Arooran Sugars Limited
THOMASCOOK,Thomas Cook (India) Limited
TI,Tilaknagar Industries Limited
TIDEWATER,Tide Water Oil Company (India) Limited
TIIL,Technocraft Industries (India) Limited
TIJARIA,Tijaria Polypipes Limited
TIL,TIL Limited
TIMESGTY,Times Guaranty Limited
TIMETECHNO,Time Technoplast Limited
TIMKEN,Timken India Limited
TINPLATE,The Tinplate Company of India Limited
TIPSINDLTD,TIPS Industries Limited
TIRUMALCHM,Thirumalai Chemicals Limited
TITAN,Titan Industries Limited
TNPETRO,Tamilnadu PetroProducts Limited
TNPL,Tamil Nadu Newsprint & Papers Limited
TODAYS,Todays Writing Products Limited
TOKYOPLAST,Tokyo Plast International Limited
TORNTPHARM,Torrent Pharmaceuticals Limited
TORNTPOWER,Torrent Power Limited
TREEHOUSE,Tree House Education & Accessories Limited
TRENT,Trent Limited
TRF,TRF Limited
TRICOM,Tricom India Limited
TRIDENT,Trident Limited
TRIGYN,Trigyn Technologies Limited
TRIL,Transformers And Rectifiers (India) Limited
TRITURBINE,Triveni Turbine Limited
TRIVENI,Triveni Engineering & Industries Limited
TTKHEALTH,TTK Healthcare Limited
TTKPRESTIG,TTK Prestige Limited
TTL,T T Limited
TTML,Tata Teleservices (Maharashtra) Limited
TUBEINVEST,Tube Investments of India Limited
TULIP,Tulip Telecom Limited
TULSI,Tulsi Extrusions Limited
TULSYAN,Tulsyan Nec Limited
TULSYAN,Tulsyan Nec Limited
TV18BRDCST,TV18 Broadcast Limited
TVSELECT,TVS Electronics Limited
TVSMOTOR,TVS Motor Company Limited
TVSSRICHAK,TVS Srichakra Limited
TVTODAY,TV Today Network Limited
TWILITAKA,Twilight Litaka Pharma Limited
TWL,Titagarh Wagons Limited
UBENGG,UB Engineering Limited
UBHOLDINGS,United Breweries (Holdings) Limited
UBL,United Breweries Limited
UCALFUEL,Ucal Fuel Systems Limited
UFLEX,UFLEX Limited
UGARSUGAR,The Ugar Sugar Works Limited
ULTRACEMCO,UltraTech Cement Limited
UMESLTD,Usha Martin Education & Solutions Limited
UNICHEMLAB,Unichem Laboratories Limited
UNIENTER,Uniphos Enterprises Limited
UNIPHOS,United Phosphorus Limited
UNIPLY,Uniply Industries Limited
UNITECH,Unitech Limited
UNITEDTEA,The United Nilgiri Tea Estates Company Limited
UNITY,Unity Infraprojects Limited
UNIVCABLES,Universal Cables Limited
UPERGANGES,Upper Ganges Sugar & Industries Limited
USHAMART,Usha Martin Limited
USHERAGRO,Usher Agro Limited
UTTAMSTL,Uttam Galva Steels Limited
UTTAMSUGAR,Uttam Sugar Mills Limited
UTVSOF,UTV Software Communications Limited
VADILALIND,Vadilal Industries Limited
VAIBHAVGEM,Vaibhav Gems Limited
VAKRANSOFT,Vakrangee Softwares Limited
VALECHAENG,Valecha Engineering Limited
VALUEIND,Value Industries Limited
VARDHACRLC,Vardhman Acrylics Limited
VARDMNPOLY,Vardhman Polytex Limited
VARUN,Varun Industries Limited
VARUNSHIP,Varun Shipping Company Limited
VASCONEQ,Vascon Engineers Limited
VASWANI,Vaswani Industries Limited
VENKEYS,Venky s (India) Limited
VENUSREM,Venus Remedies Limited
VESUVIUS,Vesuvius India Limited
VGUARD,V-Guard Industries Limited
VHL,Vardhman Holdings Limited
VICEROY,Viceroy Hotels Limited
VIDEOIND,Videocon Industries Limited
VIJSHAN,Vijay Shanthi Builders Limited
VIKASHMET,Vikash Metal & Power Limited
VIMTALABS,Vimta Labs Limited
VINATIORGA,Vinati Organics Limited
VINYLINDIA,Vinyl Chemicals (India) Limited
VIPIND,VIP Industries Limited
VIPUL,Vipul Limited
VISAKAIND,Visaka Industries Limited
VISASTEEL,Visa Steel Limited
VISESHINFO,Visesh Infotecnics Limited
VISHALRET,Vishal Retail Limited
VISHALRET,Vishal Retail Limited
VISUINTL,Visu International Limited
VIVIMEDLAB,Vivimed Labs Limited
VLSFINANCE,VLS Finance Limited
VOLTAMP,Voltamp Transformers Limited
VOLTAS,Voltas Limited
VSTIND,VST Industries Limited
VSTTILLERS,V.S.T Tillers Tractors Limited
VTL,Vardhman Textiles Limited
VTXIND,VTX Industries Limited
WABAG,VA Tech Wabag Limited
WABCOINDIA,WABCO India Limited
WALCHANNAG,Walchandnagar Industries Limited
WANBURY,Wanbury Limited
WEBELSOLAR,Websol Energy System Limited
WEIZFOREX,Weizmann Forex Limited
WEIZMANIND,Weizmann Limited
WEIZMANIND,Weizmann Ltd
WELCORP,Welspun Corp Limited
WELGLOB,Welspun Global Brands Limited
WELINV,Welspun Investments and Commercials Limited
WELPROJ,Welspun Projects Limited
WENDT,Wendt (India) Limited
WHEELS,Wheels India Limited
WHIRLPOOL,Whirlpool of India Limited
WILLAMAGOR,Williamson Magor & Company Limited
WINDMACHIN,Windsor Machines Limited
WINSOME,Winsome Yarns Limited
WIPRO,Wipro Limited
WOCKPHARMA,Wockhardt Limited
WSI,W S Industries (I) Limited
WSTCSTPAPR,West Coast Paper Mills Limited
WYETH,Wyeth Limited
XLENERGY,XL Energy Limited
XPROINDIA,Xpro India Limited
YESBANK,Yes Bank Limited
ZEEL,Zee Entertainment Enterprises Limited
ZEENEWS,Zee News Limited
ZENITHBIR,Zenith Birla (India) Limited
ZENITHCOMP,Zenith Computers Limited
ZENITHINFO,Zenith Infotech Limited
ZENSARTECH,Zensar Technologies Limited
ZICOM,Zicom Electronic Security Systems Limited
ZODIACLOTH,Zodiac Clothing Company Limited
ZODJRDMKJ,Zodiac JRD- MKJ Limited
ZUARIAGRO,Zuari Industries Limited
ZYDUSWELL,Zydus Wellness Limited
ZYLOG,Zylog Systems Limited
